VideoID,Label
HVC286,2
HVC288,2
HVC314,2
HVC326,2
HVC328,2
HVC332,1
HVC333,3
HVC356,1
HVC443,1
HVC468,3
HVC472,2
HVC476,2
HVC477,2
HVC479,2
HVC480,2
HVC481,2
HVC505,2
HVC516,1
HVC522,2
HVC633,2
HVC657,2
HVC675,3
HVC677,1
HVC680,1
HVC709,2
HVC713,1
HVC716,2
HVC717,2
HVC720,3
HVC721,3
HVC728,3
HVC729,1
HVC731,2
HVC736,3
HVC739,2
HVC741,2
HVC745,2
HVC755,2
HVC788,2
HVC855,2
HVC857,2
HVC871,1
HVC872,2
HVC883,2
HVC887,3
HVC919,1
HVC921,1
HVC961,3
HVC1035,1
HVC1037,2
HVC1039,1
HVC1063,2
HVC1064,2
HVC1069,2
HVC1076,2
HVC1079,1
HVC1082,2
HVC1083,2
HVC1086,2
HVC1088,2
HVC1105,2
HVC1107,2
HVC1112,2
HVC1118,2
HVC1120,2
HVC1124,2
HVC1125,2
HVC1127,1
HVC1132,1
HVC1133,2
HVC1135,1
HVC1136,2
HVC1138,2
HVC1141,2
HVC1142,1
HVC1143,2
HVC1144,3
HVC1151,1
HVC1152,2
HVC1153,2
HVC1154,2
HVC1155,2
HVC1158,2
HVC1160,2
HVC1161,2
HVC1162,2
HVC1168,2
HVC1191,1
HVC1209,2
HVC1228,3
HVC1229,1
HVC1230,2
HVC1231,2
HVC1232,2
HVC1233,1
HVC1238,1
HVC1242,2
HVC1246,2
HVC1247,2
HVC1258,2
HVC1259,2
HVC1266,1
HVC1268,2
HVC1269,2
HVC1279,2
HVC1281,2
HVC1282,2
HVC1316,1
HVC1340,2
HVC1345,2
HVC1350,2
HVC1379,2
HVC1410,2
HVC1411,2
HVC1412,1
HVC1414,2
HVC1415,1
HVC1416,2
HVC1417,2
HVC1419,2
HVC1422,2
HVC1425,1
HVC1433,2
HVC1436,1
HVC1437,2
HVC1443,2
HVC1555,1
HVC1556,2
HVC1557,2
HVC1563,2
HVC1567,1
HVC1568,2
HVC1579,2
HVC1582,2
HVC1590,2
HVC1600,2
HVC1605,2
HVC1609,2
HVC1610,2
HVC1612,2
HVC1613,2
HVC1615,2
HVC1620,2
HVC1622,2
HVC1637,2
HVC1639,2
HVC1640,2
HVC1646,2
HVC1667,2
HVC1673,2
HVC1681,2
HVC1684,2
HVC1722,3
HVC1724,3
HVC1726,1
HVC1728,2
HVC1729,2
HVC1731,2
HVC1734,2
HVC1742,1
HVC1764,2
HVC1765,2
HVC1769,2
HVC1777,1
HVC1778,2
HVC1779,3
HVC1783,1
HVC1789,2
HVC1792,3
HVC1808,2
HVC1817,1
HVC1819,2
HVC1824,2
HVC1825,1
HVC1828,2
HVC1831,2
HVC1832,3
HVC1834,1
HVC1835,2
HVC1836,2
HVC1840,2
HVC1842,2
HVC1844,2
HVC1845,2
HVC1848,3
HVC1849,1
HVC1850,2
HVC1851,2
HVC1852,3
HVC1854,1
HVC1860,2
HVC1864,3
HVC1865,2
HVC1866,2
HVC1868,2
HVC1872,1
HVC1873,1
HVC1883,2
HVC1887,2
HVC1889,3
HVC1897,2
HVC1898,3
HVC1900,1
HVC1902,2
HVC1907,1
HVC1908,2
HVC1910,3
HVC1938,1
HVC1939,2
HVC1944,2
HVC1945,3
HVC1946,1
HVC1948,2
HVC1950,2
HVC1952,2
HVC1955,3
HVC1957,2
HVC1963,1
HVC1968,3
HVC1971,2
HVC1972,1
HVC1979,3
HVC1980,2
HVC1986,2
HVC1992,2
HVC1995,2
HVC2004,2
HVC2010,2
HVC2018,2
HVC2021,3
HVC2062,2
HVC2065,3
HVC2069,2
HVC2071,2
HVC2079,3
HVC2096,2
HVC2132,2
HVC2135,2
HVC2140,2
HVC2143,2
HVC2147,2
HVC2153,2
HVC2157,2
HVC2158,2
HVC2194,2
HVC2195,2
HVC2196,2
HVC2199,2
HVC2209,2
HVC2219,2
HVC2222,2
HVC2224,2
HVC2225,3
HVC2228,2
HVC2229,1
HVC2233,3
HVC2237,3
HVC2239,2
HVC2248,3
HVC2255,2
HVC2259,2
HVC2267,1
HVC2272,3
HVC2279,3
HVC2289,2
HVC2293,2
HVC2297,2
HVC2298,2
HVC2301,2
HVC2304,2
HVC2306,2
HVC2311,2
HVC2313,1
HVC2317,1
HVC2321,3
HVC2335,2
HVC2352,3
HVC2361,2
HVC2371,2
HVC2375,3
HVC2380,2
HVC2387,2
HVC2390,3
HVC2392,2
HVC2393,3
HVC2399,2
HVC2404,2
HVC2405,3
HVC2409,3
HVC2411,2
HVC2412,3
HVC2415,3
HVC2419,1
HVC2420,2
HVC2422,2
HVC2446,1
HVC2448,2
HVC2496,3
HVC2504,1
HVC2508,2
HVC2521,1
HVC2522,2
HVC2523,1
HVC2526,2
HVC2528,2
HVC2529,2
HVC2532,2
HVC2550,2
HVC2552,3
HVC2553,2
HVC2557,2
HVC2562,1
HVC2566,2
HVC2571,2
HVC2573,1
HVC2574,3
HVC2575,3
HVC2580,2
HVC2584,3
HVC2588,1
HVC2595,2
HVC2599,2
HVC2601,2
HVC2602,3
HVC2604,2
HVC2606,1
HVC2607,3
HVC2608,2
HVC2609,2
HVC2610,1
HVC2615,1
HVC2616,3
HVC2617,1
HVC2618,3
HVC2622,2
HVC2635,2
HVC2639,2
HVC2647,1
HVC2649,2
HVC2650,3
HVC2655,3
HVC2657,2
HVC2658,2
HVC2667,3
HVC2669,2
HVC2674,3
HVC2675,3
HVC2677,1
HVC2682,3
HVC2685,2
HVC2687,2
HVC2691,2
HVC2698,2
HVC2702,2
HVC2703,2
HVC2705,3
HVC2707,3
HVC2710,2
HVC2711,2
HVC2713,1
HVC2714,2
HVC2715,1
HVC2716,2
HVC2718,3
HVC2720,3
HVC2721,2
HVC2723,2
HVC2724,2
HVC2728,2
HVC2736,1
HVC2742,3
HVC2749,1
HVC2759,3
HVC2760,3
HVC2762,1
HVC2768,2
HVC2769,2
HVC2780,2
HVC2782,3
HVC2786,2
HVC2789,1
HVC2791,3
HVC2807,2
HVC2809,2
HVC2810,3
HVC2812,2
HVC2814,1
HVC2818,1
HVC2825,1
HVC2828,1
HVC2832,3
HVC2834,2
HVC2835,3
HVC2836,3
HVC2837,1
HVC2838,2
HVC2839,2
HVC2840,2
HVC2842,1
HVC2846,2
HVC2848,1
HVC2856,3
HVC2857,2
HVC2858,2
HVC3002,1
HVC3006,1
HVC3007,2
HVC3012,2
HVC3013,2
HVC3014,2
HVC3015,3
HVC3016,3
HVC3017,3
HVC3019,2
HVC3020,2
HVC3021,2
HVC3022,2
HVC3024,2
HVC3025,2
HVC3027,2
HVC3031,2
HVC3032,2
HVC3034,3
HVC3071,1
HVC3072,2
HVC3077,2
HVC3078,1
HVC3081,1
HVC3082,2
HVC3097,2
HVC3099,2
HVC3100,2
HVC3107,3
HVC3113,2
HVC3114,2
HVC3116,2
HVC3117,1
HVC3118,1
HVC3119,2
HVC3123,2
HVC3124,2
HVC3126,2
HVC3129,3
HVC3131,2
HVC3132,1
HVC3135,2
HVC3136,3
HVC3137,3
HVC3143,2
HVC3148,3
HVC3154,2
HVC3155,2
HVC3157,3
HVC3160,2
HVC3161,2
HVC3162,1
HVC3168,1
HVC3169,2
HVC3170,2
HVC3171,2
HVC3173,2
HVC3174,2
HVC3180,2
HVC3183,2
HVC3184,3
HVC3185,2
HVC3187,2
HVC3189,1
HVC3190,2
HVC3196,1
HVC3199,1
HVC3204,2
HVC3205,2
HVC3209,1
HVC3210,2
HVC3211,2
HVC3212,1
HVC3217,3
HVC3218,2
HVC3223,1
HVC3254,1
HVC3259,2
HVC3261,2
HVC3262,1
HVC3264,3
HVC3265,2
HVC3266,3
HVC3267,1
HVC3268,2
HVC3269,2
HVC3270,1
HVC3271,2
HVC3280,3
HVC3285,2
HVC3287,2
HVC3296,2
HVC3297,2
HVC3300,1
HVC3302,2
HVC3304,2
HVC3307,2
HVC3308,2
HVC3311,2
HVC3313,2
HVC3314,2
HVC3315,1
HVC3320,1
HVC3321,2
HVC3323,2
HVC3329,2
HVC3332,2
HVC3333,2
HVC3334,1
HVC3336,3
HVC3337,2
HVC3338,2
HVC3348,2
HVC3349,2
HVC3353,2
HVC3371,1
HVC3372,3
HVC3373,3
HVC3400,2
HVC3410,1
HVC3414,2
HVC3416,2
HVC3419,2
HVC3422,2
HVC3424,2
HVC3429,1
HVC3432,2
HVC3492,1
HVC3493,1
HVC3495,2
HVC3496,2
HVC3499,1
HVC3503,3
HVC3507,2
HVC3512,2
HVC3516,2
HVC3517,2
HVC3521,2
HVC3522,2
HVC3523,2
HVC3524,3
HVC3526,2
HVC3535,2
HVC3537,2
HVC3540,2
HVC3541,1
HVC3542,2
HVC3545,2
HVC3550,2
HVC3551,1
HVC3556,2
HVC3557,2
HVC3558,2
HVC3560,1
HVC3564,3
HVC3571,3
HVC3572,1
HVC3573,3
HVC3577,1
HVC3583,2
HVC3584,2
HVC3587,1
HVC3589,1
HVC3591,3
HVC3592,2
HVC3593,2
HVC3596,3
HVC3598,3
HVC3621,1
HVC3639,1
HVC3644,2
HVC3645,2
HVC3647,3
HVC3648,2
HVC3649,2
HVC3652,2
HVC3654,3
HVC3657,1
HVC3661,2
HVC3662,2
HVC3664,3
HVC3667,2
HVC3669,2
HVC3686,2
HVC3688,1
HVC3689,2
HVC3690,2
HVC3691,2
HVC3692,2
HVC3697,2
HVC3698,2
HVC3700,2
HVC3701,3
HVC3704,2
HVC3705,2
HVC3710,2
HVC3712,1
HVC3714,2
HVC3719,2
HVC3722,1
HVC3724,2
HVC3738,3
HVC3741,3
HVC3744,1
HVC3746,3
HVC3748,2
HVC3754,2
HVC3756,2
HVC3757,2
HVC3763,3
HVC3765,1
HVC3771,1
HVC3777,1
HVC3782,2
HVC3786,2
HVC3787,2
HVC3794,2
HVC3796,2
HVC3798,3
HVC3799,3
HVC3800,2
HVC3802,2
HVC3803,2
HVC3804,2
HVC3805,3
HVC3808,2
HVC3809,3
HVC3811,3
HVC3812,3
HVC3814,2
HVC3821,2
HVC3822,1
HVC3835,2
HVC3837,2
HVC3841,1
HVC3842,3
HVC3843,2
HVC3845,2
HVC3846,2
HVC3848,2
HVC3852,1
HVC3855,2
HVC3856,2
HVC3859,3
HVC3860,3
HVC3861,2
HVC3865,2
HVC3866,3
HVC3871,2
HVC3876,2
HVC3877,1
HVC3880,2
HVC3881,1
HVC3888,1
HVC3889,2
HVC3891,2
HVC3897,2
HVC3898,1
HVC3900,2
HVC3901,3
HVC3907,2
HVC3908,2
HVC3912,2
HVC3916,2
HVC3919,2
HVC3920,3
HVC3925,2
HVC3926,1
HVC3931,1
HVC3933,2
HVC3935,1
HVC3936,2
HVC3937,1
HVC3938,2
HVC3941,2
HVC3942,1
HVC3943,3
HVC3952,2
HVC3956,1
HVC3962,1
HVC3965,2
HVC3968,1
HVC3970,2
HVC3988,2
HVC3990,1
HVC3992,2
HVC3994,2
HVC3995,2
HVC3996,2
HVC3999,1
HVC4003,2
HVC4004,3
HVC4021,3
HVC4022,3
HVC4025,1
HVC4026,2
HVC4032,3
HVC4042,2
HVC4043,2
HVC4044,2
HVC4045,2
HVC4046,2
HVC4047,3
HVC4051,1
HVC4052,3
HVC4055,2
HVC4056,3
HVC4057,1
HVC4066,2
HVC4068,3
HVC4070,1
HVC4073,2
HVC4074,3
HVC4099,2
HVC4104,2
HVC4106,2
HVC4107,2
HVC4108,2
HVC4109,2
HVC4110,2
HVC4111,1
HVC4112,2
HVC4114,2
HVC4115,2
HVC4116,1
HVC4117,3
HVC4119,1
HVC4121,2
HVC4122,3
HVC4123,2
HVC4124,1
HVC4125,2
HVC4126,2
HVC4127,3
HVC4128,2
HVC4129,2
HVC4130,2
HVC4131,2
HVC4132,2
HVC4134,2
HVC4135,3
HVC4136,2
HVC4137,2
HVC4138,2
HVC4140,3
HVC4141,1
HVC4142,2
HVC4143,2
HVC4144,1
HVC4147,1
HVC4149,2
HVC4151,2
HVC4152,2
HVC4153,2
HVC4163,2
HVC4170,2
HVC4171,3
HVC4173,2
HVC4175,2
HVC4178,2
HVC4185,2
HVC4189,2
HVC4194,1
HVC4197,2
HVC4201,2
HVC4203,2
HVC4205,1
HVC4209,2
HVC4218,3
HVC4219,2
HVC4220,3
HVC4223,3
HVC4230,3
HVC4232,2
HVC4233,2
HVC4234,2
HVC4239,2
HVC4241,2
HVC4243,1
HVC4246,3
HVC4248,3
HVC4258,3
HVC4261,2
HVC4262,2
HVC4267,3
HVC4268,3
HVC4270,3
HVC4271,2
HVC4273,2
HVC4275,3
HVC4278,2
HVC4283,1
HVC4288,3
HVC4295,2
HVC4307,2
HVC4309,2
HVC4319,2
HVC4321,2
HVC4323,2
HVC4324,2
HVC4325,2
HVC4326,2
HVC4330,2
HVC4333,2
HVC4335,3
HVC4343,2
HVC4350,1
HVC4351,1
HVC4352,3
HVC4355,1
HVC4356,2
HVC4362,2
HVC4363,3
HVC4364,3
HVC4366,2
HVC4368,2
HVC4371,2
HVC4374,2
HVC4375,3
HVC4377,2
HVC4381,3
HVC4387,1
HVC4392,3
HVC4394,2
HVC4395,2
HVC4397,2
HVC4398,3
HVC4399,1
HVC4400,2
HVC4402,2
HVC4406,2
HVC4407,2
HVC4410,3
HVC4411,3
HVC4417,1
HVC4419,1
HVC4422,2
HVC4423,1
HVC4425,2
HVC4428,2
HVC4430,2
HVC4432,2
HVC4433,2
HVC4434,2
HVC4435,2
HVC4444,3
HVC4445,3
HVC4446,3
HVC4447,1
HVC4472,2
HVC4474,1
HVC4475,1
HVC4476,1
HVC532,3
HVC535,3
HVC624,1
HVC725,2
HVC893,2
HVC918,2
HVC1094,2
HVC1163,3
HVC1270,2
HVC1322,2
HVC1413,2
HVC1643,3
HVC1875,2
HVC1912,3
HVC1934,2
HVC1935,2
HVC1983,2
HVC1985,2
HVC2015,2
HVC2019,2
HVC2027,2
HVC2044,2
HVC2045,2
HVC2051,2
HVC2054,2
HVC2067,2
HVC2080,2
HVC2084,2
HVC2099,2
HVC2101,3
HVC2119,2
HVC2131,2
HVC2141,2
HVC2151,1
HVC2156,2
HVC2160,3
HVC2201,3
HVC2203,2
HVC2206,1
HVC2207,2
HVC2210,2
HVC2217,2
HVC2231,3
HVC2261,1
HVC2275,3
HVC2276,2
HVC2285,2
HVC2286,2
HVC2300,3
HVC2310,3
HVC2314,3
HVC2338,2
HVC2339,2
HVC2345,1
HVC2394,3
HVC2398,3
HVC2421,2
HVC2427,2
HVC2429,2
HVC2436,1
HVC2438,1
HVC2459,2
HVC2489,2
HVC2492,1
HVC2502,1
HVC2514,2
HVC2524,2
HVC2548,3
HVC2586,3
HVC2587,2
HVC2590,3
HVC2612,2
HVC2613,2
HVC2624,2
HVC2627,2
HVC2708,3
HVC2719,3
HVC2730,2
HVC2735,3
HVC2739,2
HVC2740,3
HVC2802,2
HVC2805,2
HVC3087,2
HVC3090,3
HVC3091,1
HVC3092,2
HVC3095,2
HVC3103,2
HVC3106,1
HVC3110,3
HVC3111,2
HVC3277,1
HVC3279,2
HVC3288,2
HVC3289,2
HVC3292,3
HVC3293,1
HVC3295,2
HVC3335,2
HVC3358,3
HVC3449,2
HVC3510,2
HVC3513,2
HVC3590,2
HVC3605,2
HVC3971,1
HVC3977,2
HVC4054,3
HVC4061,1
HVC4065,2
HVC4071,2
HVC4072,2
HVC4082,2
HVC4084,3
HVC4085,2
HVC4086,1
HVC4087,2
HVC4088,1
HVC4089,2
HVC4091,1
HVC4093,2
HVC4100,2
HVC4101,2
HVC4102,1
HVC4155,2
HVC4157,1
HVC4159,2
HVC4160,1
HVC4177,2
HVC4251,1
HVC4305,2
HVC4359,2
HVC4373,2
HVC4390,1
HVC4437,2
HVC4441,1
HVC4450,2
HVC4451,3
HVC4453,2
HVC4454,2
HVC4456,2
HVC4457,2
HVC4458,2
HVC4459,1
HVC4460,2
HVC4461,2
HVC4463,2
HVC4464,2
HVC4465,1
HVC4466,2
HVC4467,2
HVC4468,2
HVC4478,2
HVC4479,3
HVC4481,1
HVC4484,3
HVC4486,2
HVC4487,2
HVC4489,2
HVC4490,1
HVC4494,1
HVC4498,3
HVC4499,2
HVC4508,2
HVC4511,2
HVC4518,3
HVC4519,1
HVC4528,2
HVC4529,3
HVC4530,2
HVC4536,2
HVC4537,2
HVC4539,3
HVC4545,2
HVC4546,3
HVC4548,3
HVC4550,3
HVC4552,2
HVC4558,2
HVC4559,2
HVC4561,1
HVC4567,1
HVC4570,2
HVC4571,2
HVC4574,1
HVC4583,3
HVC4587,2
HVC4589,3
HVC4590,1
HVC4592,2
HVC4599,2
HVC4600,2
HVC4602,1
HVC4606,3
HVC4608,3
HVC4609,3
HVC4610,3
HVC4617,2
HVC4618,1
HVC4619,2
HVC4620,2
HVC4625,1
HVC4626,2
HVC4627,3
HVC4629,2
HVC4630,1
HVC4642,2
HVC4643,2
HVC4644,1
HVC4645,2
HVC4647,2
HVC4648,2
HVC4653,2
HVC4654,3
HVC4655,2
HVC4656,1
HVC4659,2
HVC4661,1
HVC4664,1
HVC4665,2
HVC4671,3
HVC4673,3
HVC4674,2
HVC4675,2
HVC4681,1
HVC4682,2
HVC4685,1
HVC4687,1
HVC4688,2
HVC4692,2
HVC4704,2
HVC4706,1
HVC4707,1
HVC4710,1
HVC4712,1
HVC4715,3
HVC4716,3
HVC4719,3
HVC4721,1
HVC4724,3
HVC4725,2
HVC4733,2
HVC4734,2
HVC4738,2
HVC4739,2
HVC4740,2
HVC4744,2
HVC4747,2
HVC4749,2
HVC4751,2
HVC4752,2
HVC4753,1
HVC4759,2
HVC4760,1
HVC4761,3
HVC4762,3
HVC4764,2
HVC4765,2
HVC4766,2
HVC4776,3
HVC4777,2
HVC4779,3
HVC4780,2
HVC4783,2
HVC4786,3
HVC4791,1
HVC4792,2
HVC4797,3
HVC4798,1
HVC4800,2
HVC4802,1
HVC4805,2
HVC4807,2
HVC4808,2
HVC4809,1
HVC4810,1
HVC4811,3
HVC4812,2
HVC4814,1
HVC4816,2
HVC4817,2
HVC4824,3
HVC4829,2
HVC4830,2
HVC4836,2
HVC4837,1
HVC4840,2
HVC4841,2
HVC4842,2
HVC4851,1
HVC4853,2
HVC4858,3
HVC4866,1
HVC4868,2
HVC4869,2
HVC4872,3
HVC4873,2
HVC4874,2
HVC4875,3
HVC4876,2
HVC4878,2
HVC4879,3
HVC4880,2
HVC4883,3
HVC4884,3
HVC4885,2
HVC4888,3
HVC4890,2
HVC4891,2
HVC4892,2
HVC4893,2
HVC4894,2
HVC4895,2
HVC4896,2
HVC4898,3
HVC4899,2
HVC4901,2
HVC4908,3
HVC4909,2
HVC4910,2
HVC4912,2
HVC4915,1
HVC4916,2
HVC4918,1
HVC4920,1
HVC4923,1
HVC4924,3
HVC4926,3
HVC4928,2
HVC4929,2
HVC4933,3
HVC4936,3
HVC4937,2
HVC4938,2
HVC4939,2
HVC4940,2
HVC4945,2
HVC4947,1
HVC4948,2
HVC4949,3
HVC4951,2
HVC4952,3
HVC4956,3
HVC4957,2
HVC4959,3
HVC4964,1
HVC4965,2
HVC4967,2
HVC4969,2
HVC4971,2
HVC4975,2
HVC4976,2
HVC4986,1
HVC4987,1
HVC4996,1
HVC4998,1
HVC4999,2
HVC5001,2
HVC5002,3
HVC5003,1
HVC5004,2
HVC5007,1
HVC5008,2
HVC5014,1
HVC5015,2
HVC5016,2
HVC5020,2
HVC5021,1
HVC5022,2
HVC5026,2
HVC5039,2
HVC5040,1
HVC5041,1
HVC5042,1
HVC5044,1
HVC5105,2
HVC5109,2
HVC5110,2
HVC5111,1
HVC5114,1
HVC5115,3
HVC5119,1
HVC5120,1
HVC5121,3
HVC5122,2
HVC5123,3
HVC5124,3
HVC5127,2
HVC5129,3
HVC5130,2
HVC5133,2
HVC5135,2
HVC5137,3
HVC5138,2
HVC5139,2
HVC5140,1
HVC5144,3
HVC5145,2
HVC5147,2
HVC5148,2
HVC5150,3
HVC5151,3
HVC5153,2
HVC5155,1
HVC5156,1
HVC5159,2
HVC5161,1
HVC5162,1
HVC5163,2
HVC5165,1
HVC5166,2
HVC5167,2
HVC5168,1
HVC5175,2
HVC5176,2
HVC5177,1
HVC5178,2
HVC5180,1
HVC5181,2
HVC5182,2
HVC5184,2
HVC5185,2
HVC5187,3
HVC5191,3
HVC5200,2
HVC5206,3
HVC5207,2
HVC5208,2
HVC5209,2
HVC5211,1
HVC5212,1
HVC5215,2
HVC5216,2
HVC5217,2
HVC5220,2
HVC5223,1
HVC5225,1
HVC5227,3
HVC5230,2
HVC5231,2
HVC5235,2
HVC5239,2
HVC5240,2
HVC5242,1
HVC5246,3
HVC5248,3
HVC5251,2
HVC5252,2
HVC5253,1
HVC5257,2
HVC5262,2
HVC5263,2
HVC5265,2
HVC5266,2
HVC5272,2
HVC5273,3
HVC5274,2
HVC5276,2
HVC5277,2
HVC5278,1
HVC5281,2
HVC5285,2
HVC5289,2
HVC5290,3
HVC5291,2
HVC5292,1
HVC5294,2
HVC5299,1
HVC5301,2
HVC5302,2
HVC5304,2
HVC5380,2
HVC5389,2
HVC5390,3
HVC5391,3
HVC5395,1
HVC5396,3
HVC5398,2
HVC5399,3
HVC5400,1
HVC5402,2
HVC5403,3
HVC5404,1
HVC5405,1
HVC5408,2
HVC5410,1
HVC5411,2
HVC5421,3
HVC5422,2
HVC5423,2
HVC5425,3
HVC5427,1
HVC5428,3
HVC5429,2
HVC5430,3
HVC5434,3
HVC5435,3
HVC5436,1
HVC5437,1
HVC5438,1
HVC5439,3
HVC5440,3
HVC5442,2
HVC5445,3
HVC5446,1
HVC5447,1
HVC5448,3
HVC5451,2
HVC5453,2
HVC5466,3
HVC5467,3
HVC5470,2
HVC5471,2
HVC5476,3
HVC5484,1
HVC5486,3
HVC5487,3
HVC5488,3
HVC5489,1
HVC5490,3
HVC5492,3
HVC5495,3
HVC5500,3
HVC5504,3
HVC5508,1
HVC5509,3
HVC5510,2
HVC5512,3
HVC5515,1
HVC5517,3
HVC5519,1
HVC5522,1
HVC5523,2
HVC5524,1
HVC5526,1
HVC5527,3
HVC5528,1
HVC5530,1
HVC5531,3
HVC5535,2
HVC5536,3
HVC5546,1
HVC5547,3
HVC5554,3
HVC5555,1
HVC5557,1
HVC5559,2
HVC5560,1
HVC5561,2
HVC5562,2
HVC5563,2
HVC5564,2
HVC5565,3
HVC5572,2
HVC5574,1
HVC5575,2
HVC5576,2
HVC5577,3
HVC5579,2
HVC5584,2
HVC5585,2
HVC5587,2
HVC5592,2
HVC5593,2
HVC5595,2
HVC5596,2
HVC5597,2
HVC5598,3
HVC5599,2
HVC5601,1
HVC5602,2
HVC5609,1
HVC5610,2
HVC5611,2
HVC5612,2
HVC5614,2
HVC5618,3
HVC5619,1
HVC5620,2
HVC5625,2
HVC5627,2
HVC5629,2
HVC5634,1
HVC5638,2
HVC5639,2
HVC5643,3
HVC5644,2
HVC5645,3
HVC5647,2
HVC5648,2
HVC5649,2
HVC5651,2
HVC5654,2
HVC5655,2
HVC5659,2
HVC5661,2
HVC5662,2
HVC5663,2
HVC5664,2
HVC5665,2
HVC5666,2
HVC5667,2
HVC5668,3
HVC5673,2
HVC5674,2
HVC5677,2
HVC5684,1
HVC5689,2
HVC5691,3
HVC5692,2
HVC5697,1
HVC5698,1
HVC5699,2
HVC5701,2
HVC5702,1
HVC5712,1
HVC5715,1
HVC5716,2
HVC5718,3
HVC5719,1
HVC5724,2
HVC5725,3
HVC5728,1
HVC5729,2
HVC5730,2
HVC5733,1
HVC5735,1
HVC5736,2
HVC5737,2
HVC5738,2
HVC5740,1
HVC5743,2
HVC5753,2
HVC5754,2
HVC5765,3
HVC5766,2
HVC5768,2
HVC5771,2
HVC5772,3
HVC5774,3
HVC5778,1
HVC5779,3
HVC5781,3
HVC5782,3
HVC5785,3
HVC5786,2
HVC5787,2
HVC5789,2
HVC5790,2
HVC5792,3
HVC5795,1
HVC5800,2
HVC5801,2
HVC5802,2
HVC5805,2
HVC5806,2
HVC5810,2
HVC5811,3
HVC5812,2
HVC5813,2
HVC5815,1
HVC5816,2
HVC5817,1
HVC5818,2
HVC5819,1
HVC5820,2
HVC5824,1
HVC5825,2
HVC5826,2
HVC5830,2
HVC5831,2
HVC5834,3
HVC5836,1
HVC5837,2
HVC5838,1
HVC5841,2
HVC5842,3
HVC5844,1
HVC5847,2
HVC5848,2
HVC5849,2
HVC5850,2
HVC5851,1
HVC5852,1
HVC5853,2
HVC5854,2
HVC5860,2
HVC5861,1
HVC5863,2
HVC5864,2
HVC5865,1
HVC5866,2
HVC5867,2
HVC5869,1
HVC5870,1
HVC5871,1
HVC5873,1
HVC5874,2
HVC5875,3
HVC5876,2
HVC5878,3
HVC5882,2
HVC5884,1
HVC5885,2
HVC5886,1
HVC5890,2
HVC5892,2
HVC5894,2
HVC5895,1
HVC5896,2
HVC5898,1
HVC5926,2
HVC5949,3
HVC5953,3
HVC5962,2
HVC5963,2
HVC5973,2
HVC5974,2
HVC5976,3
HVC5977,3
HVC5978,3
HVC5979,2
HVC5980,1
HVC5981,1
HVC5983,1
HVC5988,1
HVC5989,2
HVC5992,3
HVC5993,3
HVC5994,2
HVC5995,1
HVC5996,1
HVC5997,2
HVC5999,3
HVC6000,2
HVC6004,2
HVC6005,2
HVC6008,2
HVC6011,2
HVC6012,2
HVC6016,3
HVC6025,3
HVC6027,2
HVC6028,2
HVC6031,1
HVC6032,1
HVC6035,3
HVC6037,1
HVC6038,3
HVC6039,2
HVC6040,2
HVC6042,2
HVC6044,3
HVC6046,3
HVC6047,2
HVC6048,2
HVC6049,3
HVC6057,3
HVC6059,1
HVC6062,1
HVC6063,2
HVC6065,3
HVC6067,1
HVC6071,2
HVC6072,2
HVC6073,2
HVC6074,3
HVC6079,2
HVC6080,3
HVC6082,2
HVC6083,3
HVC6088,1
HVC6089,2
HVC6090,2
HVC6092,1
HVC6096,2
HVC6103,2
HVC6104,2
HVC6107,2
HVC6108,2
HVC6109,2
HVC6110,2
HVC6121,1
HVC6122,3
HVC6124,2
HVC6127,2
HVC6129,2
HVC6130,2
HVC6132,2
HVC6133,2
HVC6134,2
HVC6139,2
HVC6141,2
HVC6145,3
HVC6146,2
HVC6148,2
HVC6149,1
HVC6151,2
HVC6155,2
HVC6157,2
HVC6158,1
HVC6159,2
HVC6160,3
HVC6162,2
HVC6165,2
HVC6166,1
HVC6167,3
HVC6169,3
HVC6175,2
HVC6176,1
HVC6178,2
HVC6183,2
HVC6184,2
HVC6185,2
HVC6188,2
HVC6189,2
HVC6196,3
HVC6198,3
HVC6199,2
HVC6201,2
HVC6202,1
HVC6208,2
HVC6210,2
HVC6214,3
HVC6217,3
HVC6218,2
HVC6219,2
HVC6223,2
HVC6224,2
HVC6226,2
HVC6228,2
HVC6230,3
HVC6231,1
HVC6232,2
HVC6233,2
HVC6235,2
HVC6239,2
HVC6241,2
HVC6242,2
HVC6244,1
HVC6245,1
